Array Size,Serial Time,Parallel Time
100000,0.0126667,0.00433333
200000,0.029,0.0101667
300000,0.0425,0.018
400000,0.0563333,0.0188333
500000,0.071,0.0293333
600000,0.108167,0.0371667
700000,0.121833,0.0538333
800000,0.0881667,0.035
900000,0.101,0.0363333
1000000,0.1125,0.0388333
