Array Size,Serial Time,Parallel Time
100000,0.0123333,0.0075
200000,0.0288333,0.0141667
300000,0.044,0.0238333
400000,0.0558333,0.0301667
500000,0.0713333,0.0378333
600000,0.0838333,0.044
700000,0.094,0.0468333
800000,0.0961667,0.0495
900000,0.108833,0.0568333
1000000,0.120667,0.0695
