Array Size,Serial Time,Parallel Time
100000,0.0118333,0.005
200000,0.0263333,0.00983333
300000,0.049,0.0158333
400000,0.0621667,0.0186667
500000,0.074,0.0325
600000,0.0911667,0.0268333
700000,0.104167,0.0315
800000,0.1155,0.0328333
900000,0.116833,0.0315
1000000,0.144667,0.0403333
