Array Size,Serial Time,Parallel Time
100000,0.0128333,0.008
200000,0.0273333,0.0115
300000,0.046,0.0171667
400000,0.062,0.031
500000,0.079,0.0253333
600000,0.0948333,0.0291667
700000,0.0986667,0.0313333
800000,0.105667,0.0298333
900000,0.116,0.0321667
1000000,0.1325,0.0433333
