Array Size,Serial Time,Parallel Time
100000,0.0111667,0.00416667
200000,0.0253333,0.00916667
300000,0.0385,0.0135
400000,0.051,0.0198333
500000,0.0711667,0.0283333
600000,0.0901667,0.0298333
700000,0.097,0.0298333
800000,0.107333,0.0285
900000,0.124667,0.0378333
1000000,0.166333,0.0506667
