Array Size,Serial Time,Parallel Time
100000,0.00983333,0.00333333
200000,0.0245,0.008
300000,0.043,0.0131667
400000,0.0551667,0.0158333
500000,0.0698333,0.022
600000,0.0901667,0.0278333
700000,0.111,0.0296667
800000,0.109,0.0266667
900000,0.1125,0.0333333
1000000,0.136167,0.0361667
