Array Size,Serial Time,Parallel Time
100000,0.0136667,0.005
200000,0.0271667,0.00916667
300000,0.0443333,0.0136667
400000,0.0621667,0.0195
500000,0.0733333,0.0228333
600000,0.119,0.0308333
700000,0.117833,0.0348333
800000,0.140833,0.0351667
900000,0.119333,0.0318333
1000000,0.132,0.0336667
