Array Size,Serial Time,Parallel Time
1,0.00176029,0.0362435
100001,0.0157771,0.0119238
200001,0.033365,0.0221825
300001,0.0526402,0.0335488
400001,0.069069,0.0440074
500001,0.0880553,0.0560823
600001,0.109766,0.0691936
700001,0.126134,0.078313
800001,0.14175,0.0881453
900001,0.159248,0.101664
