Cutoff,Serial Time,Parallel Time
0,0.15225,0.152
1,0.15175,0.0795
2,0.152,0.04525
3,0.152,0.03925
4,0.1525,0.04375
5,0.15175,0.05675
6,0.152,0.13025
7,0.15175,0.2905
